{"cameraMode":{"drawMode":0,"name":"Shaded","section":"Shading Mode"},"sceneLighting":true,"audioPlay":false,"sceneViewState":{"showFog":true,"showMaterialUpdate":false,"showSkybox":true,"showFlares":true,"showImageEffects":true,"showParticleSystems":true},"in2DMode":false,"pivot":{"x":-0.9473260045051575,"y":0.8035198450088501,"z":1.3361908197402955},"rotation":{"x":-0.07060733437538147,"y":-0.06370045989751816,"z":0.004533867351710796,"w":-0.9954872131347656},"size":3.319014072418213,"orthographic":true}